Top queries,Clicks,Impressions,CTR,Position
rooval,2,10,20%,3.3
roofing near me,1,24,4.17%,7.79
roof repair highland ut,0,1249,0%,7.89
roofing highland ut,0,1076,0%,8.52
roof repair sandy ut,0,1000,0%,15.19
roofing sandy ut,0,999,0%,20.36
roof repair provo ut,0,889,0%,22.77
roofing provo ut,0,638,0%,23.09
roof repair near me,0,165,0%,5.71
roof replacement provo,0,158,0%,21.97
provo roofer,0,128,0%,29.38
roof repair orem,0,120,0%,17.12
provo roof repair,0,112,0%,19.39
lehi roofing companies,0,111,0%,26.13
roofers near me,0,109,0%,2.86
roofing orem utah,0,106,0%,23.61
which roofing companies in highland ut offer roof repair and installation?,0,105,0%,8.77
roof inspection lehi,0,103,0%,10
roofing contractors orem ut,0,102,0%,21.46
which roofing companies in sandy ut provide roof repair and replacement?,0,101,0%,12.49
roof repair provo,0,101,0%,26.95
provo roof replacement,0,96,0%,14.45
roofers provo,0,91,0%,32.27
roofing contractor lehi,0,90,0%,27.26
roofing contractors sandy ut,0,89,0%,21.96
roof replacement salt lake city,0,88,0%,28.03
lehi roofers,0,85,0%,28.11
new roof provo,0,79,0%,15.56
"which roofing companies in provo ut offer roof repair and replacement 
services?",0,78,0%,14.45
roof estimate orem,0,77,0%,7.4
roofing orem ut,0,77,0%,20.55
roofing contractor provo ut,0,77,0%,27.99
roofing contractor orem,0,76,0%,20.53
roof replacement orem,0,75,0%,18
lehi roofing,0,75,0%,23.84
roofer sandy ut,0,74,0%,19.58
roof installation orem,0,73,0%,12.92
orem roofing company,0,73,0%,17.64
roofing contractor provo,0,72,0%,21.86
roof installation provo,0,69,0%,13.42
roofing contractor lindon,0,67,0%,3.54
roof estimate lehi,0,66,0%,13.32
commercial roofers near me,0,65,0%,1
roof estimate lindon,0,65,0%,3.25
roofing provo utah,0,65,0%,28.71
roofing companies provo,0,65,0%,38.52
roof replacement vernal ut,0,65,0%,41.05
provo roofing contractor,0,64,0%,19.86
roofing contractors provo,0,63,0%,23.79
roofers provo utah,0,63,0%,30.98
roof installation,0,62,0%,1
roof repairs lindon utah,0,61,0%,5.46
roof repair sandy,0,60,0%,16.82
roof repair lehi,0,60,0%,20.62
local roofers,0,57,0%,1.39
roof repair services orem,0,57,0%,16.12
roof maintenance services orem,0,57,0%,21.11
roofing contractor lindon ut,0,56,0%,5.52
roof replacement,0,56,0%,7.64
replacement roof provo,0,56,0%,20.45
roofing orem,0,56,0%,22.14
roof replacement lehi,0,54,0%,22.57
provo roofing,0,53,0%,26.38
roofing contractors highland,0,52,0%,8.38
roofers orem,0,52,0%,22.58
roof maintenance lehi,0,52,0%,25.54
provo roofers,0,52,0%,29.71
roofing eagle mountain ut,0,50,0%,24.22
roof inspection services orem,0,49,0%,8.37
roofing contractors provo utah,0,49,0%,23.86
local roofers near me,0,48,0%,1.17
roof repair,0,48,0%,12.58
roof installation lehi,0,48,0%,17.96
roof repair eagle mountain ut,0,47,0%,20.34
roofing provo,0,46,0%,30.43
residential roofing repair provo,0,46,0%,33.24
roofing contractor highland,0,45,0%,10.07
roofing contractor provo utah,0,45,0%,24.47
roofing contractor lehi ut,0,45,0%,27.51
roofers provo ut,0,45,0%,33.93
roofing lehi ut,0,44,0%,27.09
residential roofing lehi ut,0,44,0%,34.59
roofing services in lehi ut,0,43,0%,25.6
provo roofing contractors,0,42,0%,25.86
roof inspection orem,0,41,0%,15.41
roofing draper,0,40,0%,15.25
roofing contractors orem utah,0,40,0%,24.62
roof replacement near me,0,39,0%,6.9
roof replacement sandy,0,39,0%,12.08
roofing company,0,39,0%,13.15
roofing company provo,0,38,0%,23.79
roofer provo,0,38,0%,34.29
roofing contractors provo ut,0,37,0%,30.46
roof replacement lindon utah,0,36,0%,4.61
roofing company near me,0,35,0%,10.34
roofers orem utah,0,35,0%,18.57
best roofers in salt lake city,0,35,0%,54.74
roofers in salt lake city,0,35,0%,57.09
roof installation lindon utah,0,34,0%,5.85
roofing sandy utah,0,34,0%,20.59
roofing company lehi,0,34,0%,24.62
roof inspection services in provo,0,32,0%,7.72
residential roofing murray utah,0,32,0%,14.03
roofing contractor sandy,0,32,0%,17
lehi roof replacement,0,32,0%,21.12
roofing lehi,0,32,0%,24.69
roof inspection provo,0,31,0%,14.06
residential roofing salt lake city,0,31,0%,48.94
draper roofing,0,30,0%,16
draper roof repair,0,29,0%,8.62
roof repair murray utah,0,29,0%,8.83
roofers,0,29,0%,13.41
roofing company orem,0,29,0%,19.79
roofing companies in lehi,0,29,0%,24.9
roof repair draper,0,28,0%,8.07
roofing draper utah,0,28,0%,15.75
roofer springville,0,28,0%,23.04
draper ut roofing services,0,27,0%,6.07
draper roofer,0,27,0%,15.96
provo roofing company,0,27,0%,28.11
new construction roofing lehi ut,0,27,0%,44
"roofing merchandise alpine, ut",0,26,0%,8.38
residential roofing near me,0,26,0%,14.08
sandy roofing,0,26,0%,19.35
roof replacement draper,0,25,0%,5.96
roofer near me,0,25,0%,11.12
roofers in sandy,0,25,0%,23.88
roofing services orem,0,25,0%,30.76
residential roofing sandy utah,0,25,0%,43.04
residential roofing services salt lake city utah,0,25,0%,64.68
the roof in salt lake city,0,25,0%,65.8
roofing contractor near me,0,24,0%,10.04
roof repair sandy utah,0,24,0%,16.75
roof repair springville,0,24,0%,17.04
roofing services lehi,0,24,0%,29.38
roof replacement lindon,0,23,0%,4.04
roofing draper ut,0,23,0%,5.26
roof installation lindon,0,23,0%,7.7
roofer company provo,0,23,0%,31.74
roofing services provo,0,23,0%,34.04
new roof orem,0,22,0%,12.5
roofing companies provo utah,0,22,0%,32.32
sandy roofing contractor,0,21,0%,15.48
orem roofing contractor,0,21,0%,15.57
roofers in provo,0,21,0%,22
roofing contractor millville ut,0,21,0%,49.9
utah roofing repair,0,21,0%,55.81
roofing inspections orem,0,20,0%,12.05
roofing contractor in sandy,0,20,0%,16.05
roofing sandy,0,20,0%,24.2
roofing contractors lehi ut,0,19,0%,30.37
residential roofing contractors salt lake city utah,0,19,0%,67.58
roofing companies near me,0,18,0%,8.39
roof company provo,0,18,0%,30.39
top roofing contractors orem,0,18,0%,31.28
roof leak repair salt lake city,0,18,0%,61.89
roofing services in draper ut,0,17,0%,9.18
roofing,0,17,0%,9.29
roofer company,0,17,0%,10.65
metal roof installation provo,0,17,0%,13.06
roofer orem,0,17,0%,14.47
roof contractors,0,17,0%,15.06
roofing contractor sandy utah,0,17,0%,16.12
roof repair lehi ut,0,17,0%,17.59
roof repairs lehi ut,0,17,0%,25.35
roofer services provo,0,17,0%,26.53
roof services provo,0,17,0%,27.59
provo roofing services,0,17,0%,29.88
metal roofing near me,0,16,0%,1
murray roofing,0,16,0%,9.31
roof replacement sandy ut,0,16,0%,10.81
roofer sandy,0,16,0%,14.94
sandy residential roofing,0,16,0%,20.81
roof leak repair utah,0,16,0%,40.19
roof repair murray ut,0,15,0%,8.13
murray residential roofing company,0,15,0%,9.4
roofing contractor murray,0,15,0%,9.67
murray utah roofer,0,15,0%,10.73
roof installation provo ut,0,15,0%,13.6
roof replacement pleasant grove,0,15,0%,13.67
metal roofers lehi ut,0,15,0%,17.2
roofing contractors orem,0,15,0%,23.87
salt lake city roof replacement,0,15,0%,24
flat roof construction utah,0,15,0%,35.67
flat roof systems utah,0,15,0%,50.13
roof repair utah,0,15,0%,64.2
tpo roofing near me,0,14,0%,1
"utah roof replacement alpine, ut",0,14,0%,3.36
murray roofing contractor,0,14,0%,5.5
roof repair murray,0,14,0%,6.64
metal roofing,0,14,0%,8.14
roofing contractors,0,14,0%,8.64
murray roofing company,0,14,0%,8.93
roofing company murray ut,0,14,0%,9.43
residential roofing company murray ut,0,14,0%,9.79
metal roof replacement orem,0,14,0%,10.14
roofing contractor,0,14,0%,10.79
metal roofing lehi ut,0,14,0%,20.43
replacement roof utah county,0,14,0%,28.71
roof replacement millville ut,0,14,0%,29.79
local roofer highland,0,14,0%,45.57
roof repair service utah,0,14,0%,48.36
flat roofing companies near me,0,14,0%,61.29
tpo roofing,0,13,0%,4.08
orem roofing,0,13,0%,4.38
highland roofing info,0,13,0%,5.62
metal roof installation orem,0,13,0%,11.31
roof inspections lehi,0,13,0%,11.92
roofing contractor sandy ut,0,13,0%,14.15
roofers lehi utah,0,13,0%,15.85
sandy utah roofer,0,13,0%,17.46
roof flashing repair utah,0,13,0%,24.31
roofer services orem,0,13,0%,27.77
flat roof construction salt lake city,0,13,0%,33.77
roof contractors orem,0,13,0%,37.69
roof repair utah county,0,13,0%,42.77
roof replacement midvale ut,0,13,0%,67.69
roof repair salt lake city utah,0,13,0%,73.69
roofing contractor murray ut,0,12,0%,6.17
roofing contractor in murray,0,12,0%,6.92
roof inspection sandy,0,12,0%,8.25
roofer services,0,12,0%,9.75
"roofing company terms alpine, ut",0,12,0%,11.42
"residential roofing alpine, ut",0,12,0%,15.83
roofing services orem ut,0,12,0%,17.25
roofer company orem,0,12,0%,19.25
roof repair provo utah,0,12,0%,23.58
roofing repairs lehi ut,0,12,0%,26.58
roof repairing lehi ut,0,12,0%,26.83
flat roof replacement salt lake city,0,12,0%,30.25
roofing contractors near me,0,11,0%,7.09
roofing company sandy ut,0,11,0%,12.36
orem roof services,0,11,0%,14.55
metal roof lehi ut,0,11,0%,15.27
roof company orem,0,11,0%,16
sandy roofer,0,11,0%,18.91
alpine roofing utah,0,11,0%,21
slate roof installers lehi ut,0,11,0%,22.09
roof company,0,11,0%,28.36
roof installers salt lake city utah,0,11,0%,47.55
roof replacement utah,0,11,0%,70.55
tpo roofing lehi,0,10,0%,5
murray ut roofing company,0,10,0%,9.9
pleasant grove ut storm and wind damage repair,0,10,0%,9.9
roofing contractor pleasant grove,0,10,0%,9.9
tpo roofing utah,0,10,0%,10.2
draper roofing contractor,0,10,0%,11.6
gutter repair services pleasant grove ut,0,10,0%,11.8
metal roof company orem,0,10,0%,14.7
provo metal roofing,0,10,0%,14.9
roofing contractor orem utah,0,10,0%,16.1
roofing company orem utah,0,10,0%,17.6
metal roofing contractor orem,0,10,0%,21.5
roofing companies orem,0,10,0%,22
residential flat roof salt lake city utah,0,10,0%,23.2
tile roof installers lehi ut,0,10,0%,25.2
roof replacement in salt lake city,0,10,0%,29.3
roofing highland,0,10,0%,31.2
utah residential flat roof or low sloped roof,0,10,0%,31.5
roofing company lehi ut,0,10,0%,33.6
roof leak repair,0,10,0%,40.1
roof leak repair near me,0,10,0%,47.5
roof repair cost murray ut,0,9,0%,3.56
roofing company lindon,0,9,0%,7.11
highland roofing business,0,9,0%,8
roof replacement murray ut,0,9,0%,8.56
hail damage roof repair provo ut,0,9,0%,11.44
roof shingle replacement sandy,0,9,0%,11.56
metal roof services orem,0,9,0%,11.67
slate roof installers pleasant grove ut,0,9,0%,12.11
orem roof repair,0,9,0%,13.22
roofer lehi,0,9,0%,13.22
top provo roofers,0,9,0%,16.78
roofing services orem utah,0,9,0%,18
roofing repair lehi ut,0,9,0%,19.44
metal roofing company orem,0,9,0%,20.22
roofer in provo,0,9,0%,21.44
slate roof installer lehi ut,0,9,0%,27.11
faulty construction repairs alpine utah,0,9,0%,32.89
slate roof contractor lehi ut,0,9,0%,34.89
emergency roof repair near me,0,9,0%,53.56
utah roof repair,0,9,0%,56.89
roof leaking repair near me,0,9,0%,63.89
roofing contactor midvale,0,9,0%,73.89
"utah roofing contractor alpine, ut",0,8,0%,2.62
roofing services alpine ut,0,8,0%,4.12
pvc roofing lindon,0,8,0%,4.62
roof inspection near me,0,8,0%,7.62
residential roofing murray,0,8,0%,7.88
roofing contractor pleasant grove ut,0,8,0%,7.88
roofing pleasant grove,0,8,0%,9
highland roofing phone,0,8,0%,9.88
utah flat roofing,0,8,0%,11.75
asphalt shingle roof installation in provo,0,8,0%,12.12
reroofing provo ut,0,8,0%,14
metal roofing services orem,0,8,0%,14.12
provo metal roofers,0,8,0%,15
best roofing companies in provo utah,0,8,0%,16.5
provo asphalt roofs,0,8,0%,16.5
roofing companies sandy ut,0,8,0%,16.5
roof contractor orem,0,8,0%,16.62
roofing in provo,0,8,0%,19.62
slate roofing installers lehi ut,0,8,0%,20
roof contractor in sandy,0,8,0%,20.75
provo re roofer,0,8,0%,22.5
slate roofing contractor lehi ut,0,8,0%,24
best roofing contractors provo utah,0,8,0%,24.38
slate roofing installation lehi ut,0,8,0%,25.12
tile roofers lehi ut,0,8,0%,38.75
metal roofing repairs near me,0,8,0%,51
salt lake city residential roofing,0,8,0%,60.88
roof replacement cost draper ut,0,7,0%,3
roof replacement murray,0,7,0%,3
roof replacement cost murray ut,0,7,0%,3.86
roof replacement springville ut,0,7,0%,5.57
roof replacement draper ut,0,7,0%,7
roof installation near me,0,7,0%,7.71
roofing contractors alpine ut,0,7,0%,8.57
roofing contractors springville ut,0,7,0%,8.57
highland roofing address info,0,7,0%,8.86
metal roofing lehi,0,7,0%,9
tile roof highland ut,0,7,0%,9.14
roofing install springville ut,0,7,0%,10.29
roofing companies,0,7,0%,12.14
asphalt roofs provo,0,7,0%,13.29
tile roofers pleasant grove ut,0,7,0%,13.57
best roofers in provo,0,7,0%,15
local roofers lehi ut,0,7,0%,16.29
metal roofers provo,0,7,0%,16.57
roofer near provo utah,0,7,0%,16.57
provo new construction roofer,0,7,0%,16.71
orem roofers,0,7,0%,16.86
slate roof pleasant grove ut,0,7,0%,17.71
gutter repair company pleasant grove ut,0,7,0%,18.14
best roofers in provo utah,0,7,0%,18.43
provo roof repairs,0,7,0%,19.57
best roofing contractors provo,0,7,0%,19.86
new construction roofer provo,0,7,0%,21
roofing contractor in draper,0,7,0%,21.86
tile roof installer lehi ut,0,7,0%,24.14
flat roof replacement utah,0,7,0%,24.29
roofing repair lehi,0,7,0%,25.29
metal roof contractors orem,0,7,0%,28
roofing companies lehi ut,0,7,0%,28.57
cheap roof repair near me,0,7,0%,43.71
residential flat roof contractors near me salt lake city utah,0,7,0%,49.57
roof replacement highland,0,7,0%,50.14
roof repair services utah,0,7,0%,52.57
roof repair vernal ut,0,7,0%,66.57
custom roof design lindon,0,6,0%,3.67
metal roof installers springville ut,0,6,0%,4.5
reroofing springville ut,0,6,0%,5
metal roof installer springville ut,0,6,0%,5.5
reroof springville ut,0,6,0%,5.5
roof installation springville ut,0,6,0%,5.67
roof installing springville ut,0,6,0%,5.67
roofers lehi,0,6,0%,5.67
roofing replacement springville ut,0,6,0%,5.67
metal roof repair near me,0,6,0%,6.67
roofing installation springville ut,0,6,0%,6.83
roofing contractor highland roofing,0,6,0%,7.17
roof installer springville ut,0,6,0%,7.67
tile roof installation highland ut,0,6,0%,8
tile roof installer highland ut,0,6,0%,8.17
roof repair draper ut,0,6,0%,8.67
"roofing tips alpine, ut",0,6,0%,8.67
metal roofers sandy ut,0,6,0%,9
tile roofing installer highland ut,0,6,0%,9.83
provo roof inspection,0,6,0%,10.33
residential roofing highland ut,0,6,0%,10.33
gutter replacement services pleasant grove ut,0,6,0%,11.5
slate roof install pleasant grove ut,0,6,0%,13.83
tile roofing contractors pleasant grove ut,0,6,0%,14.33
slate roofing installation pleasant grove ut,0,6,0%,15.33
tile roofing contractor pleasant grove ut,0,6,0%,15.33
slate roofing pleasant grove ut,0,6,0%,15.5
tile roof installation pleasant grove ut,0,6,0%,15.5
provo metal roofer,0,6,0%,15.67
gutter repair highland utah,0,6,0%,16
tile roofing installation pleasant grove ut,0,6,0%,18.5
commercial roofing near me,0,6,0%,18.67
roof contractor in murray,0,6,0%,18.67
slate roofing install pleasant grove ut,0,6,0%,18.67
draper roofers,0,6,0%,20
free roof estimate near me,0,6,0%,21
best gutter repair company pleasant grove ut,0,6,0%,21.33
local roofer quotes,0,6,0%,22.17
roofing company sandy,0,6,0%,22.67
provo utah roofing,0,6,0%,22.83
roof installers provo ut,0,6,0%,23.17
provo utah roofers,0,6,0%,23.5
roofer near provo,0,6,0%,24
roofing replacement lehi,0,6,0%,25.17
roofing contractor lehi utah,0,6,0%,27.83
slate roof contractors lehi ut,0,6,0%,27.83
slate roofing installer lehi ut,0,6,0%,28
slate roof installation lehi ut,0,6,0%,30.17
tile roofing installers lehi ut,0,6,0%,33.67
residential roofing sandy,0,6,0%,35.67
residential roofing lehi,0,6,0%,40.17
new shingle roof highland,0,6,0%,54.33
roof repairs utah,0,6,0%,56.83
roof repair and replacement service,0,6,0%,65.33
flat roof company near me,0,6,0%,74.5
lehi roofing company,0,5,0%,3.6
roof repair cost draper ut,0,5,0%,4.4
"roof installation alpine, ut",0,5,0%,4.6
lehi roofing contractor,0,5,0%,4.8
"roofing contractor alpine, ut",0,5,0%,5.8
tile roof installers highland ut,0,5,0%,7.6
highland roofing,0,5,0%,8
tile roofing installers highland ut,0,5,0%,8.2
roof install springville ut,0,5,0%,8.6
roof installers springville ut,0,5,0%,8.6
tile roofers highland ut,0,5,0%,9
highland roofing contact,0,5,0%,9.6
metal roof specialists provo ut,0,5,0%,10.6
roofing services near me,0,5,0%,11.6
slate roofing installers pleasant grove ut,0,5,0%,11.8
roofers in my area,0,5,0%,13.2
tile roof installers pleasant grove ut,0,5,0%,13.6
commercial roofing lindon,0,5,0%,14
slate roof installation pleasant grove ut,0,5,0%,14
tile roof contractors pleasant grove ut,0,5,0%,14.2
metal roofing roofing contractors near me,0,5,0%,14.4
reroof provo ut,0,5,0%,14.4
roof repair company in sandy,0,5,0%,15
tile roof contractor pleasant grove ut,0,5,0%,15.2
roof maintenance provo,0,5,0%,15.6
new shingle roof pleasant grove,0,5,0%,15.8
roofer in orem ut,0,5,0%,16.6
roof installing provo ut,0,5,0%,18.4
tile roofing installer pleasant grove ut,0,5,0%,18.6
roofing company orem ut,0,5,0%,19
roof replacement provo ut,0,5,0%,19.8
roofing company in orem ut,0,5,0%,20
roof damage repair,0,5,0%,21.4
roof repairs provo,0,5,0%,23.4
re roofer provo,0,5,0%,23.6
provo utah roofing contractors,0,5,0%,24.2
best roofing companies provo utah,0,5,0%,25.8
roofing install provo ut,0,5,0%,26.2
sandy roofers,0,5,0%,26.2
best roofing companies in provo,0,5,0%,27.8
roofing company highland,0,5,0%,30.8
slate roof install lehi ut,0,5,0%,32.6
emergency roofing services in orem ut,0,5,0%,34.2
residential roofing provo,0,5,0%,39.8
utah roof replacement,0,5,0%,59.8
roofing midvale ut,0,5,0%,62.2
roof repair salt lake city ut,0,5,0%,83.8
salt lake city roof repair,0,5,0%,85.8
roof repair alpine ut,0,4,0%,3.25
roofing contractor draper ut,0,4,0%,4.75
flat roof repair lindon,0,4,0%,5.25
local roofing company highland ut,0,4,0%,5.25
metal roof install springville ut,0,4,0%,5.5
metal roof springville ut,0,4,0%,5.75
tile roof install highland ut,0,4,0%,7
roofing repair lindon,0,4,0%,7.25
roofing services,0,4,0%,8
roofing contractor draper,0,4,0%,10.25
slate roof installer highland ut,0,4,0%,10.25
roof repair prove,0,4,0%,11
roofing companies close to me,0,4,0%,11.25
roofing shingles lehi,0,4,0%,11.75
slate roof installer pleasant grove ut,0,4,0%,11.75
murray ut storm and wind damage repair,0,4,0%,12
roofer in orem,0,4,0%,12
slate roof install highland ut,0,4,0%,12.25
flat roof repair saratoga springs,0,4,0%,12.75
slate roofing installer pleasant grove ut,0,4,0%,12.75
tile roof pleasant grove ut,0,4,0%,13
tile roofing highland ut,0,4,0%,13.5
tile roof installer pleasant grove ut,0,4,0%,14.75
roofer orem ut,0,4,0%,15
lehi roofing services,0,4,0%,15.25
roofing contractor springville,0,4,0%,15.25
roofing replacement provo ut,0,4,0%,15.25
roofer in sandy,0,4,0%,15.75
roofing company in orem,0,4,0%,18
roofers sandy ut,0,4,0%,18.75
roof service company sandy,0,4,0%,20
roofing services in orem ut,0,4,0%,22.5
roofers in murray,0,4,0%,23
roof install provo ut,0,4,0%,24
lehi utah roofing contractors,0,4,0%,24.75
roof installer provo ut,0,4,0%,25.25
roofing in provo utah,0,4,0%,25.5
murray roofers,0,4,0%,25.75
roofer in provo utah,0,4,0%,26.5
gutter guard installation pleasant grove ut,0,4,0%,28.5
slate roofers lehi ut,0,4,0%,29.25
local roofer pleasant grove,0,4,0%,30
residential roofing orem ut,0,4,0%,30.5
slate roofing install lehi ut,0,4,0%,31
roofing contrator highland,0,4,0%,35.5
provo residential roofing,0,4,0%,36.5
residential roofing companies with free quotes slc,0,4,0%,37
tile roofing install lehi ut,0,4,0%,39.5
tile roofing installation lehi ut,0,4,0%,39.75
tile roof installation lehi ut,0,4,0%,40.5
residential roofing replacement salt lake city utah,0,4,0%,41.75
roof installers salt lake city ut,0,4,0%,44
roofer in salt lake city,0,4,0%,48
roofing contractors sandy,0,4,0%,51.75
roof repair service,0,4,0%,54
residential roofing contractors in salt lake city,0,4,0%,60.5
sunroof service midvale utah,0,4,0%,61.5
emergency roof leak repair near me,0,4,0%,65.5
residential roofing in salt lake city,0,4,0%,68.25
tpo roofing contractors near me,0,4,0%,75.5
metal roof installation springville ut,0,3,0%,4
roofing alpine ut,0,3,0%,4
metal roofing contractors draper ut,0,3,0%,4.33
metal roof specialist provo ut,0,3,0%,6
roofing company springville,0,3,0%,6.33
roof painters near me,0,3,0%,7.67
roofing free estimates,0,3,0%,7.67
roofing installer draper,0,3,0%,7.67
shingle replacement near me,0,3,0%,7.67
highland roofing telephone,0,3,0%,8.33
residential roofing lindon,0,3,0%,8.33
royal roofers,0,3,0%,8.33
roofing contractor highland ut,0,3,0%,9
metal roof install provo ut,0,3,0%,9.33
metal roofing sandy ut,0,3,0%,9.33
slate roofers alpine ut,0,3,0%,10
tile roofers alpine ut,0,3,0%,10.33
metal roof installer provo ut,0,3,0%,10.67
slate roofing installers highland ut,0,3,0%,11
tile roofing installation highland ut,0,3,0%,11.33
metal roof installers provo ut,0,3,0%,11.67
near me roofing,0,3,0%,12
flat roof utah,0,3,0%,13.67
diverter and kickout repair lindon utah,0,3,0%,14.33
bluffdale roofing,0,3,0%,15
tile roofing installers pleasant grove ut,0,3,0%,15
roof maintenance eagle mountain ut,0,3,0%,15.67
bluffdale roofers,0,3,0%,16.33
google roofing,0,3,0%,17
roofing installation provo ut,0,3,0%,18.67
roofing in bluffdale,0,3,0%,20
find roofing company,0,3,0%,20.33
roof inspection company,0,3,0%,20.33
roofing company in murray,0,3,0%,20.33
roofing services in orem,0,3,0%,21
new roof salt lake city,0,3,0%,21.33
provo utah roofing company,0,3,0%,21.33
roofing in murray,0,3,0%,22.33
roof repair pleasant grove,0,3,0%,22.67
roof replacement quote midvale ut,0,3,0%,22.67
residential roofing saratoga springs,0,3,0%,23.33
provo utah roofing contractor,0,3,0%,24
gutter repair company orem ut,0,3,0%,25.67
faulty construction repairs lindon utah,0,3,0%,27
"roof installation in eagle mountain, ut",0,3,0%,27.33
roofing services for homeowners salt lake city,0,3,0%,27.67
roofing services provo utah,0,3,0%,28.33
roof storm damage repair in lehi,0,3,0%,29
diverter and kickout installation lindon utah,0,3,0%,29.67
roofers in provo utah,0,3,0%,30
roof installation lehi ut,0,3,0%,30.33
metal roof sandy ut,0,3,0%,30.67
slate roof lehi ut,0,3,0%,30.67
roofing installation uintah basin ut,0,3,0%,31
green roof installers near me,0,3,0%,32.33
provo metal siding,0,3,0%,33.33
residential roofing in orem,0,3,0%,35
emergency roofing services near me,0,3,0%,37.33
who to call for roof leak,0,3,0%,37.67
residential roofing in orem ut,0,3,0%,38
residential roofing orem,0,3,0%,38.33
repair roof,0,3,0%,39.33
roof replacement estimate near me,0,3,0%,40.67
iroof utah,0,3,0%,42.33
roof replacement uintah basin ut,0,3,0%,45.33
tile roof install lehi ut,0,3,0%,46.67
emergency roofing services in orem,0,3,0%,47
gutter replacement midvale ut,0,3,0%,47.67
roofers sandy,0,3,0%,53.33
roof leak salt lake city ut,0,3,0%,55.67
roofing contractor vernal ut,0,3,0%,62
metal roofs utah,0,3,0%,67
metal roofing salt lake city utah,0,3,0%,73.33
commercial roofing in orem ut,0,3,0%,74.33
best salt lake city roofing,0,3,0%,76.67
roof repair company utah,0,3,0%,78
roof repair riverdale,0,3,0%,78.33
dombol roofing company,0,2,0%,1
roof service near me,0,2,0%,1
slate roofing contractors lehi ut,0,2,0%,1
roof estimate salt lake city ut,0,2,0%,5.5
roofing replacement lehi utah,0,2,0%,6
roofing replacement near me,0,2,0%,6
metal roofing contractor near me,0,2,0%,6.5
metal roofer near me,0,2,0%,8
metal roofing company near me,0,2,0%,8
emergency roof repair lindon,0,2,0%,8.5
roofers highland,0,2,0%,9.5
free roof quote salt lake city,0,2,0%,10.5
recommended roofers near me,0,2,0%,10.5
"asphalt roofing provo, ut",0,2,0%,12
commercial roofing referral program,0,2,0%,12
roofing replacement saratoga springs,0,2,0%,12
tile roofing install highland ut,0,2,0%,12
roof maintenance near me,0,2,0%,12.5
slate roofing alpine ut,0,2,0%,12.5
slate roofers pleasant grove ut,0,2,0%,13
"foundation elevation survey alpine, ut",0,2,0%,13.5
residential roofing repair,0,2,0%,15
roof replacement alpine,0,2,0%,15.5
expert roofing,0,2,0%,16
draper residential roofing,0,2,0%,16.5
near me roofing company,0,2,0%,17
emergency roof repair utah,0,2,0%,18.5
roofers in utah valley,0,2,0%,18.5
tile roofing install pleasant grove ut,0,2,0%,18.5
"gutter installation alpine, ut",0,2,0%,19
metal roofing provo,0,2,0%,19.5
slate roof installer sandy ut,0,2,0%,19.5
roof replacement eagle mountain ut,0,2,0%,20
slate roof contractor sandy ut,0,2,0%,20
tile roof install pleasant grove ut,0,2,0%,20
roofing companies with free estimates,0,2,0%,20.5
commercial roofing,0,2,0%,21
roof repair services,0,2,0%,21.5
roof repair in saratoga springs,0,2,0%,22
roofer,0,2,0%,22
tpo roofing salt lake city,0,2,0%,22
roof repair highland,0,2,0%,22.5
residential roofing draper,0,2,0%,23
"roof inspection in eagle mountain, ut",0,2,0%,23
gutter replacement murray ut,0,2,0%,23.5
new construction roofer,0,2,0%,23.5
shingle installers near me,0,2,0%,23.5
free roofing estimates near me,0,2,0%,25.5
roofing installation,0,2,0%,26
home roof replacement salt lake city,0,2,0%,26.5
provo roofing companies,0,2,0%,27.5
provo utah roofing companies,0,2,0%,27.5
construction repairs alpine utah,0,2,0%,28.5
roofing shingles lindon,0,2,0%,29.5
residential roofing,0,2,0%,33.5
roofers supply lindon utah,0,2,0%,34.5
gutter replacement lehi ut,0,2,0%,35.5
metal shingles utah,0,2,0%,36.5
tile roofing installer lehi ut,0,2,0%,37.5
gutter repair services midvale ut,0,2,0%,40
emergency roof repair,0,2,0%,41
gutter guard installation midvale ut,0,2,0%,41
metal roof installation near me,0,2,0%,41.5
elocal services for roofing businesses,0,2,0%,46.5
roof repair alpine,0,2,0%,46.5
best gutter repair company orem ut,0,2,0%,50
roofer in highland,0,2,0%,52.5
affordable roof replacement service near me,0,2,0%,53
standing seam metal roof contractor utah,0,2,0%,55.5
roofing repair utah,0,2,0%,58.5
roof sealing companies near me,0,2,0%,59.5
how to get a roofing job,0,2,0%,62.5
metal roof contractor salt lake city ut,0,2,0%,71.5
the roof salt lake city utah,0,2,0%,72.5
the roof salt lake city,0,2,0%,92.5
no proof,0,1,0%,1
re-roofing near me,0,1,0%,1
roof inspection,0,1,0%,1
roof leak detection sandy,0,1,0%,1
roof repair companies near me,0,1,0%,1
rooft,0,1,0%,1
roof,0,1,0%,2
pleasant grove roofing,0,1,0%,4
roofing appraisal,0,1,0%,4
"roofing services alpine, ut",0,1,0%,4
best roofers near me with free estimates,0,1,0%,5
metal roof company provo,0,1,0%,5
roof and gutter repair near me,0,1,0%,5
roof and gutter repair services near me,0,1,0%,5
roof repair cost sandy ut,0,1,0%,5
roofing pleasant grove ut,0,1,0%,5
eagle mountain,0,1,0%,6
roof replacement cost sandy ut,0,1,0%,6
roofal,0,1,0%,6
roofing shingles draper,0,1,0%,6
roofer contractor near me,0,1,0%,7
roofing business near me,0,1,0%,7
patio roof replacement near me,0,1,0%,9
ro roofing,0,1,0%,9
roof company near me,0,1,0%,9
roof repair lehi utah,0,1,0%,9
roofing companies in highland,0,1,0%,9
roofing company draper,0,1,0%,9
roofing contractors in my area,0,1,0%,9
sandy roof repair,0,1,0%,9
highland roofing contact us,0,1,0%,10
slate roofing installer highland ut,0,1,0%,10
local roofers near me prices,0,1,0%,11
metal roofing saratoga springs,0,1,0%,11
roof inspector near me,0,1,0%,11
roof repairs sandy,0,1,0%,11
roofer on roof,0,1,0%,11
roofing contractor in my area,0,1,0%,11
roofing firms near me,0,1,0%,11
roofing repair draper,0,1,0%,11
tile roof alpine ut,0,1,0%,11
free roofing estimate near me,0,1,0%,12
mobile home roof repair near me,0,1,0%,12
wind and storm damage repair alpine ut,0,1,0%,12
best roofing company near me,0,1,0%,13
metal roof provo ut,0,1,0%,13
metal roofing orem,0,1,0%,13
best roofing companies provo,0,1,0%,14
epdm roofing lindon,0,1,0%,14
roofing murray ut,0,1,0%,14
storm resistant roof free estimate,0,1,0%,14
tpo roofing salt lake city ut,0,1,0%,15
roof repairs,0,1,0%,16
roofing company saratoga springs,0,1,0%,16
metal roofer provo,0,1,0%,17
roofing supply near me,0,1,0%,17
provo utah flat roof repair commercial,0,1,0%,18
"roof replacement in eagle mountain, ut",0,1,0%,18
roofing contractor saratoga springs,0,1,0%,18
flat roof contractor utah,0,1,0%,19
roofing estimate near salt lake city,0,1,0%,19
tile roofing alpine ut,0,1,0%,19
slate roofers sandy ut,0,1,0%,20
asphalt roof,0,1,0%,21
asphalt shingle roofing,0,1,0%,21
flat roof repair utah,0,1,0%,21
gutter installation services pleasant grove ut,0,1,0%,21
"gutters alpine, ut",0,1,0%,21
"gutter installers alpine, ut",0,1,0%,22
best roofers near me,0,1,0%,23
contractors with free roofing estimates,0,1,0%,23
slate roof contractors sandy ut,0,1,0%,23
slate roof install sandy ut,0,1,0%,23
orem roofing contractors,0,1,0%,24
residential roofing companies with free quotes,0,1,0%,24
roofing installer saratoga springs,0,1,0%,24
emergency roofing services orem ut,0,1,0%,25
residential roofing saratoga springs ut,0,1,0%,25
best roofer near me,0,1,0%,26
sandy roofing company,0,1,0%,28
average roof replacement cost in salt lake city,0,1,0%,29
slate roofing installer sandy ut,0,1,0%,30
andquot;salt lake city rooferandquot;,0,1,0%,31
provo roofing experts,0,1,0%,31
tile roof lehi ut,0,1,0%,31
american fork roof repair,0,1,0%,33
roof installation alpine,0,1,0%,33
local roofing companies near me,0,1,0%,35
roofing installation bluebell ut,0,1,0%,36
metal roofing installers near me,0,1,0%,37
shingle roof repair utah,0,1,0%,37
emergency roofing services orem,0,1,0%,38
metal roof vs shingle roof utah,0,1,0%,38
roof installation utah,0,1,0%,38
slate roofing lehi ut,0,1,0%,38
tile roofing lehi ut,0,1,0%,38
silicone roofing contractors near me,0,1,0%,39
metal roofers,0,1,0%,41
roofing companies utah,0,1,0%,41
rain gutter repair midvale ut,0,1,0%,42
11-month warranty inspections springville ut,0,1,0%,43
flat roofing salt lake city,0,1,0%,45
tpo roofing spanish fork ut,0,1,0%,45
"""highland homes""",0,1,0%,47
roov roofing,0,1,0%,48
best residential roofers near me,0,1,0%,49
metal roofing installation near me,0,1,0%,49
roofing repair uintah basin ut,0,1,0%,49
provo commercial roofer,0,1,0%,50
how to get roofing work,0,1,0%,51
top gutter repairs,0,1,0%,51
roofing companies in american fork,0,1,0%,52
roofing contractors in american fork,0,1,0%,52
roofing companies in american fork utah,0,1,0%,53
steel roofing utah,0,1,0%,54
american fork ut shutter repairs,0,1,0%,56
provo utah commercial roofing contractor,0,1,0%,56
metal roofing utah,0,1,0%,57
metal roof installation utah,0,1,0%,58
provo utah commercial roofing companies,0,1,0%,58
roof leak repairs,0,1,0%,60
roof replacement cost utah,0,1,0%,61
aluminum roofing utah,0,1,0%,62
metal roof installation salt lake city,0,1,0%,62
roof repair in utah,0,1,0%,62
local affordable roof replacement service,0,1,0%,67
best roofers in my area,0,1,0%,71
roof replacement roy,0,1,0%,71
roof replacement services in warner,0,1,0%,75
roof repair in salt lake city,0,1,0%,81
metal roofing companies near me,0,1,0%,86
metal roofing contractors near me,0,1,0%,90
residential roll roofing salt lake city utah,0,1,0%,90